Post ID,Account username,Description,Duration (sec),Publish time,Permalink,Post type,Views,Reach,Likes,Shares,Follows,Comments,Saves
18000000,beyond_the_formationn,"How Arsenal broke Chelsea's high press | tactical analysis

Three details decided it. Send this to every Arsenal fan 📩

#footballtactics #tacticalanalysis #arsenal #premierleague #beyondtheformation",50,07/01/2026 19:00,https://www.instagram.com/reel/sample0/,Instagram reel,17960,11225,741,100,35,62,98
18000001,beyond_the_formationn,"Inverted full-back explained in 60 seconds ⚽ football tactics

Save this 📌 and send it to a mate

#footballtactics #formation #invertedfullback #footballmanager #beyondtheformation",30,07/03/2026 20:00,https://www.instagram.com/reel/sample1/,Instagram reel,6164,3853,220,22,5,23,138
18000002,beyond_the_formationn,"Why Rodri is the best deep-lying playmaker in the world right now 🧠

Who's better? Drop a name 👇

#footballtactics #playeranalysis #rodri #mancity #beyondtheformation",65,07/05/2026 12:00,https://www.instagram.com/reel/sample2/,Instagram reel,16572,10358,674,118,34,59,133
18000003,beyond_the_formationn,"Guess the team from its formation 🔍 football quiz

Answer in the comments 👀

#footballquiz #footballtactics #laliga #footballtrivia #beyondtheformation",33,07/07/2026 12:00,https://www.instagram.com/reel/sample3/,Instagram reel,7547,4717,243,22,6,24,22
18000004,beyond_the_formationn,"This is crazy 🤯🔥

#football #soccer #fyp #viral #explore #reels #messi #ronaldo",61,07/09/2026 16:00,https://www.instagram.com/reel/sample4/,Instagram reel,2176,1360,89,2,4,4,2
18000005,beyond_the_formationn,"5 tactical takeaways from matchweek 6 📐 Premier League analysis

Save for later 📌

#footballtactics #tacticalanalysis #premierleague #matchanalysis #beyondtheformation",,07/11/2026 16:00,https://www.instagram.com/reel/sample5/,Instagram carousel,11387,7117,436,99,20,67,78
18000006,beyond_the_formationn,"4-3-3 vs 4-2-3-1: formation explained for beginners

Which do you prefer? 👇

#footballtactics #formation #433 #footballmanager #beyondtheformation",,07/13/2026 16:00,https://www.instagram.com/reel/sample6/,Instagram carousel,15968,9980,678,67,32,66,366
18000007,beyond_the_formationn,"Real Madrid's midfield is the best in Europe. Change my mind 👀

Agree or disagree? Send this to someone who'll argue 😤

#footballtactics #footballdebate #realmadrid #laliga #beyondtheformation",63,07/15/2026 21:00,https://www.instagram.com/reel/sample7/,Instagram reel,9872,6170,488,85,16,51,24
18000008,beyond_the_formationn,"Goal of the week 🔥🔥

#football #goals #soccer",67,07/17/2026 19:00,https://www.instagram.com/reel/sample8/,Instagram reel,3960,2475,106,5,10,21,4
18000009,beyond_the_formationn,"How Liverpool's press forces long balls | tactical analysis

Send this to a Liverpool fan 📩

#footballtactics #tacticalanalysis #liverpool #premierleague #beyondtheformation",62,07/19/2026 19:00,https://www.instagram.com/reel/sample9/,Instagram reel,15376,9610,690,85,13,46,128
18000010,beyond_the_formationn,"How Arsenal broke Chelsea's high press | tactical analysis

Three details decided it. Send this to every Arsenal fan 📩

#footballtactics #tacticalanalysis #arsenal #premierleague #beyondtheformation",69,07/21/2026 12:00,https://www.instagram.com/reel/sample10/,Instagram reel,5043,3152,165,39,11,19,42
18000011,beyond_the_formationn,"Inverted full-back explained in 60 seconds ⚽ football tactics

Save this 📌 and send it to a mate

#footballtactics #formation #invertedfullback #footballmanager #beyondtheformation",54,07/23/2026 21:00,https://www.instagram.com/reel/sample11/,Instagram reel,7793,4871,264,41,14,22,127
18000012,beyond_the_formationn,"Why Rodri is the best deep-lying playmaker in the world right now 🧠

Who's better? Drop a name 👇

#footballtactics #playeranalysis #rodri #mancity #beyondtheformation",50,07/25/2026 21:00,https://www.instagram.com/reel/sample12/,Instagram reel,5972,3733,286,33,6,21,32
18000013,beyond_the_formationn,"Guess the team from its formation 🔍 football quiz

Answer in the comments 👀

#footballquiz #footballtactics #laliga #footballtrivia #beyondtheformation",60,07/27/2026 16:00,https://www.instagram.com/reel/sample13/,Instagram reel,11880,7425,379,42,18,68,37
18000014,beyond_the_formationn,"This is crazy 🤯🔥

#football #soccer #fyp #viral #explore #reels #messi #ronaldo",34,07/29/2026 16:00,https://www.instagram.com/reel/sample14/,Instagram reel,2064,1290,63,2,3,9,2
18000015,beyond_the_formationn,"5 tactical takeaways from matchweek 6 📐 Premier League analysis

Save for later 📌

#footballtactics #tacticalanalysis #premierleague #matchanalysis #beyondtheformation",,07/31/2026 12:00,https://www.instagram.com/reel/sample15/,Instagram carousel,6280,3925,240,50,8,15,57
18000016,beyond_the_formationn,"4-3-3 vs 4-2-3-1: formation explained for beginners

Which do you prefer? 👇

#footballtactics #formation #433 #footballmanager #beyondtheformation",,08/02/2026 20:00,https://www.instagram.com/reel/sample16/,Instagram carousel,13905,8691,604,67,38,83,288
18000017,beyond_the_formationn,"Real Madrid's midfield is the best in Europe. Change my mind 👀

Agree or disagree? Send this to someone who'll argue 😤

#footballtactics #footballdebate #realmadrid #laliga #beyondtheformation",50,08/04/2026 20:00,https://www.instagram.com/reel/sample17/,Instagram reel,9112,5695,317,101,14,24,36
18000018,beyond_the_formationn,"Goal of the week 🔥🔥

#football #goals #soccer",46,08/06/2026 19:00,https://www.instagram.com/reel/sample18/,Instagram reel,2508,1568,100,2,5,10,3
18000019,beyond_the_formationn,"How Liverpool's press forces long balls | tactical analysis

Send this to a Liverpool fan 📩

#footballtactics #tacticalanalysis #liverpool #premierleague #beyondtheformation",38,08/08/2026 20:00,https://www.instagram.com/reel/sample19/,Instagram reel,4531,2832,182,26,5,15,31
18000020,beyond_the_formationn,"How Arsenal broke Chelsea's high press | tactical analysis

Three details decided it. Send this to every Arsenal fan 📩

#footballtactics #tacticalanalysis #arsenal #premierleague #beyondtheformation",56,08/10/2026 12:00,https://www.instagram.com/reel/sample20/,Instagram reel,7006,4379,349,51,12,15,40
18000021,beyond_the_formationn,"Inverted full-back explained in 60 seconds ⚽ football tactics

Save this 📌 and send it to a mate

#footballtactics #formation #invertedfullback #footballmanager #beyondtheformation",55,08/12/2026 19:00,https://www.instagram.com/reel/sample21/,Instagram reel,12640,7900,577,50,8,76,241
18000022,beyond_the_formationn,"Why Rodri is the best deep-lying playmaker in the world right now 🧠

Who's better? Drop a name 👇

#footballtactics #playeranalysis #rodri #mancity #beyondtheformation",26,08/14/2026 16:00,https://www.instagram.com/reel/sample22/,Instagram reel,10928,6830,480,54,24,24,82
18000023,beyond_the_formationn,"Guess the team from its formation 🔍 football quiz

Answer in the comments 👀

#footballquiz #footballtactics #laliga #footballtrivia #beyondtheformation",35,08/16/2026 20:00,https://www.instagram.com/reel/sample23/,Instagram reel,7014,4384,237,21,13,28,18
18000024,beyond_the_formationn,"This is crazy 🤯🔥

#football #soccer #fyp #viral #explore #reels #messi #ronaldo",37,08/18/2026 20:00,https://www.instagram.com/reel/sample24/,Instagram reel,6144,3840,277,9,15,17,7
18000025,beyond_the_formationn,"5 tactical takeaways from matchweek 6 📐 Premier League analysis

Save for later 📌

#footballtactics #tacticalanalysis #premierleague #matchanalysis #beyondtheformation",,08/20/2026 19:00,https://www.instagram.com/reel/sample25/,Instagram carousel,14803,9252,736,130,26,40,118
18000026,beyond_the_formationn,"4-3-3 vs 4-2-3-1: formation explained for beginners

Which do you prefer? 👇

#footballtactics #formation #433 #footballmanager #beyondtheformation",,08/22/2026 19:00,https://www.instagram.com/reel/sample26/,Instagram carousel,9028,5643,437,58,27,31,140
18000027,beyond_the_formationn,"Real Madrid's midfield is the best in Europe. Change my mind 👀

Agree or disagree? Send this to someone who'll argue 😤

#footballtactics #footballdebate #realmadrid #laliga #beyondtheformation",46,08/24/2026 16:00,https://www.instagram.com/reel/sample27/,Instagram reel,12188,7618,366,147,35,67,37
18000028,beyond_the_formationn,"Goal of the week 🔥🔥

#football #goals #soccer",66,08/26/2026 21:00,https://www.instagram.com/reel/sample28/,Instagram reel,3526,2204,95,4,10,18,5
18000029,beyond_the_formationn,"How Liverpool's press forces long balls | tactical analysis

Send this to a Liverpool fan 📩

#footballtactics #tacticalanalysis #liverpool #premierleague #beyondtheformation",52,08/28/2026 19:00,https://www.instagram.com/reel/sample29/,Instagram reel,17104,10690,765,115,44,104,120
18000030,beyond_the_formationn,"How Arsenal broke Chelsea's high press | tactical analysis

Three details decided it. Send this to every Arsenal fan 📩

#footballtactics #tacticalanalysis #arsenal #premierleague #beyondtheformation",30,08/30/2026 19:00,https://www.instagram.com/reel/sample30/,Instagram reel,17979,11237,775,108,16,45,167
18000031,beyond_the_formationn,"Inverted full-back explained in 60 seconds ⚽ football tactics

Save this 📌 and send it to a mate

#footballtactics #formation #invertedfullback #footballmanager #beyondtheformation",63,09/01/2026 21:00,https://www.instagram.com/reel/sample31/,Instagram reel,5320,3325,263,29,7,22,77
18000032,beyond_the_formationn,"Why Rodri is the best deep-lying playmaker in the world right now 🧠

Who's better? Drop a name 👇

#footballtactics #playeranalysis #rodri #mancity #beyondtheformation",66,09/03/2026 12:00,https://www.instagram.com/reel/sample32/,Instagram reel,12152,7595,335,78,11,75,62
18000033,beyond_the_formationn,"Guess the team from its formation 🔍 football quiz

Answer in the comments 👀

#footballquiz #footballtactics #laliga #footballtrivia #beyondtheformation",38,09/05/2026 16:00,https://www.instagram.com/reel/sample33/,Instagram reel,2809,1756,90,8,5,8,6
18000034,beyond_the_formationn,"This is crazy 🤯🔥

#football #soccer #fyp #viral #explore #reels #messi #ronaldo",47,09/07/2026 16:00,https://www.instagram.com/reel/sample34/,Instagram reel,2328,1455,110,3,6,9,3
18000035,beyond_the_formationn,"5 tactical takeaways from matchweek 6 📐 Premier League analysis

Save for later 📌

#footballtactics #tacticalanalysis #premierleague #matchanalysis #beyondtheformation",,09/09/2026 20:00,https://www.instagram.com/reel/sample35/,Instagram carousel,6062,3789,174,45,17,31,48
18000036,beyond_the_formationn,"4-3-3 vs 4-2-3-1: formation explained for beginners

Which do you prefer? 👇

#footballtactics #formation #433 #footballmanager #beyondtheformation",,09/11/2026 16:00,https://www.instagram.com/reel/sample36/,Instagram carousel,5643,3527,207,32,11,18,106
18000037,beyond_the_formationn,"Real Madrid's midfield is the best in Europe. Change my mind 👀

Agree or disagree? Send this to someone who'll argue 😤

#footballtactics #footballdebate #realmadrid #laliga #beyondtheformation",31,09/13/2026 20:00,https://www.instagram.com/reel/sample37/,Instagram reel,12388,7743,583,102,13,25,29
18000038,beyond_the_formationn,"Goal of the week 🔥🔥

#football #goals #soccer",29,09/15/2026 19:00,https://www.instagram.com/reel/sample38/,Instagram reel,4745,2966,171,6,8,19,6
18000039,beyond_the_formationn,"How Liverpool's press forces long balls | tactical analysis

Send this to a Liverpool fan 📩

#footballtactics #tacticalanalysis #liverpool #premierleague #beyondtheformation",55,09/17/2026 19:00,https://www.instagram.com/reel/sample39/,Instagram reel,11558,7224,435,73,22,65,108
